{
  "version": 1,
  "author": "Andrew Oster",
  "editor": "wokwi",
  "parts": [
    { "type": "wokwi-breadboard", "id": "bb2", "top": -70.2, "left": 329.2, "attrs": {} },
    { "type": "wokwi-arduino-uno", "id": "uno", "top": 0.6, "left": -0.6, "attrs": {} },
    {
      "type": "wokwi-led",
      "id": "led1",
      "top": 145.6,
      "left": 628.2,
      "rotate": 180,
      "attrs": { "color": "red" }
    },
    {
      "type": "wokwi-resistor",
      "id": "r1",
      "top": 91.2,
      "left": 671.45,
      "rotate": 90,
      "attrs": { "value": "1000" }
    },
    {
      "type": "wokwi-pushbutton",
      "id": "btn2",
      "top": -10.2,
      "left": 607.8,
      "rotate": 90,
      "attrs": { "color": "green" }
    },
    {
      "type": "wokwi-analog-joystick",
      "id": "joystick1",
      "top": -125.4,
      "left": 379.8,
      "attrs": {}
    },
    {
      "type": "wokwi-pushbutton",
      "id": "btn1",
      "top": -29.4,
      "left": 511.8,
      "rotate": 90,
      "attrs": { "color": "green" }
    },
    {
      "type": "wokwi-slide-potentiometer",
      "id": "pot1",
      "top": -48,
      "left": 680.8,
      "rotate": 90,
      "attrs": { "travelLength": "30" }
    },
    {
      "type": "wokwi-pushbutton-6mm",
      "id": "btn3",
      "top": 49,
      "left": 378.4,
      "rotate": 90,
      "attrs": { "color": "green" }
    },
    {
      "type": "wokwi-pushbutton-6mm",
      "id": "btn4",
      "top": 29.8,
      "left": 416.8,
      "rotate": 90,
      "attrs": { "color": "green" }
    },
    {
      "type": "wokwi-pushbutton-6mm",
      "id": "btn5",
      "top": 49,
      "left": 455.2,
      "rotate": 90,
      "attrs": { "color": "green" }
    },
    {
      "type": "wokwi-resistor",
      "id": "r2",
      "top": 110.4,
      "left": 373.85,
      "rotate": 90,
      "attrs": { "value": "1000" }
    },
    {
      "type": "wokwi-resistor",
      "id": "r3",
      "top": 110.4,
      "left": 412.25,
      "rotate": 90,
      "attrs": { "value": "1000" }
    },
    {
      "type": "wokwi-resistor",
      "id": "r4",
      "top": 110.4,
      "left": 450.65,
      "rotate": 90,
      "attrs": { "value": "1000" }
    },
    {
      "type": "wokwi-led",
      "id": "led2",
      "top": -214.8,
      "left": 589.4,
      "attrs": { "color": "red" }
    },
    {
      "type": "wokwi-led",
      "id": "led3",
      "top": -214.8,
      "left": 618.2,
      "attrs": { "color": "red" }
    },
    {
      "type": "wokwi-led",
      "id": "led4",
      "top": -214.8,
      "left": 637.4,
      "attrs": { "color": "red" }
    },
    {
      "type": "wokwi-resistor",
      "id": "r5",
      "top": 72,
      "left": 527.45,
      "rotate": 90,
      "attrs": { "value": "1000" }
    },
    {
      "type": "wokwi-led",
      "id": "led5",
      "top": -214.8,
      "left": 666.2,
      "attrs": { "color": "red" }
    },
    { "type": "wokwi-buzzer", "id": "bz1", "top": 12, "left": 837, "attrs": { "volume": "0.1" } }
  ],
  "connections": [
    [ "uno:GND.2", "bb2:bn.1", "black", [ "v19.7", "h195.3" ] ],
    [ "uno:5V", "bb2:bp.1", "red", [ "v29.3", "h195.2", "v-105.6" ] ],
    [ "bb2:bp.50", "bb2:tp.50", "red", [ "v-0.9", "h37.6", "v-172.8" ] ],
    [ "bb2:bn.50", "bb2:tn.50", "black", [ "v-1.3", "h47.2", "v-172.8" ] ],
    [ "btn3:2.l", "bb2:bp.2", "red", [ "v-9.6", "h-10", "v67.2", "h9.6" ] ],
    [ "btn4:2.l", "bb2:bp.5", "red", [ "v0", "h-9.2" ] ],
    [ "btn5:2.l", "bb2:bp.8", "red", [ "v-9.6", "h-10" ] ],
    [ "uno:3", "btn3:1.l", "green", [ "v-28.2", "h109", "v48", "h67.2" ] ],
    [ "uno:4", "btn4:1.l", "green", [ "v-37.8", "h128.1", "v48", "h96" ] ],
    [ "uno:5", "btn5:1.l", "green", [ "v-47.4", "h147.2", "v48", "h124.8" ] ],
    [ "btn2:1.r", "r1:1", "black", [ "v0.2", "h19.2", "v-28.8" ] ],
    [ "r4:2", "bb2:bn.12", "black", [ "h0" ] ],
    [ "r3:2", "bb2:bn.9", "black", [ "h0" ] ],
    [ "r2:2", "bb2:bn.5", "black", [ "h0" ] ],
    [ "r5:2", "bb2:bn.20", "black", [ "h0" ] ],
    [ "btn1:2.l", "bb2:bp.14", "red", [ "h-19.4", "v106.5" ] ],
    [ "btn1:1.l", "uno:6", "green", [ "v-96", "h-358.3" ] ],
    [ "btn2:2.l", "bb2:tp.19", "red", [ "v0", "h-77" ] ],
    [ "r5:1", "btn1:1.r", "green", [ "h0" ] ],
    [ "uno:7", "led2:A", "green", [ "v-191.4", "h425.4" ] ],
    [ "uno:8", "led3:A", "green", [ "v-201", "h470.2" ] ],
    [ "uno:9", "led4:A", "green", [ "v-210.6", "h499.4" ] ],
    [ "uno:10", "led5:A", "green", [ "v-220.2", "h537.7" ] ],
    [ "led2:C", "bb2:tn.21", "black", [ "v0" ] ],
    [ "led3:C", "bb2:tn.24", "black", [ "v0" ] ],
    [ "led4:C", "bb2:tn.26", "black", [ "v0" ] ],
    [ "led5:C", "bb2:tn.28", "black", [ "v0" ] ],
    [ "pot1:GND", "bb2:bn.40", "black", [ "v0" ] ],
    [ "pot1:VCC", "bb2:tp.45", "red", [ "v-9.6", "h57.6" ] ],
    [ "pot1:SIG", "uno:A0", "green", [ "v-19.2", "h125.6", "v364.8", "h-694.4" ] ],
    [ "joystick1:VERT", "uno:A1", "green", [ "v9.6", "h-144", "v201.6", "h-67.2" ] ],
    [ "joystick1:HORZ", "uno:A2", "green", [ "v9.6", "h76.8", "v240", "h-278.4" ] ],
    [ "joystick1:GND", "bb2:tn.13", "black", [ "v0", "h57.6" ] ],
    [ "joystick1:VCC", "bb2:7t.b", "", [ "$bb" ] ],
    [ "joystick1:VERT", "bb2:8t.b", "", [ "$bb" ] ],
    [ "joystick1:HORZ", "bb2:9t.b", "", [ "$bb" ] ],
    [ "joystick1:SEL", "bb2:10t.b", "", [ "$bb" ] ],
    [ "joystick1:GND", "bb2:11t.b", "", [ "$bb" ] ],
    [ "btn3:1.l", "bb2:6b.f", "", [ "$bb" ] ],
    [ "btn3:2.l", "bb2:4b.f", "", [ "$bb" ] ],
    [ "btn3:1.r", "bb2:6b.i", "", [ "$bb" ] ],
    [ "btn3:2.r", "bb2:4b.i", "", [ "$bb" ] ],
    [ "btn4:1.r", "bb2:10b.g", "", [ "$bb" ] ],
    [ "btn4:2.r", "bb2:8b.g", "", [ "$bb" ] ],
    [ "btn5:1.l", "bb2:14b.f", "", [ "$bb" ] ],
    [ "btn5:2.l", "bb2:12b.f", "", [ "$bb" ] ],
    [ "btn5:1.r", "bb2:14b.i", "", [ "$bb" ] ],
    [ "btn5:2.r", "bb2:12b.i", "", [ "$bb" ] ],
    [ "r2:1", "bb2:6b.j", "", [ "$bb" ] ],
    [ "r3:1", "bb2:10b.j", "", [ "$bb" ] ],
    [ "r4:1", "bb2:14b.j", "", [ "$bb" ] ],
    [ "r5:1", "bb2:22b.f", "", [ "$bb" ] ],
    [ "bz1:2", "uno:11", "green", [ "v144", "h-605.2", "v-240" ] ],
    [ "btn2:1.l", "bb2:32t.a", "", [ "$bb" ] ],
    [ "btn2:2.l", "bb2:30t.a", "", [ "$bb" ] ],
    [ "btn2:1.r", "bb2:32b.f", "", [ "$bb" ] ],
    [ "btn2:2.r", "bb2:30b.f", "", [ "$bb" ] ],
    [ "r1:1", "bb2:37b.h", "", [ "$bb" ] ],
    [ "r1:2", "bb2:bn.30", "", [ "$bb" ] ],
    [ "led1:A", "uno:12", "green", [ "v0", "h-374.4", "v-163.2", "h-153.6" ] ],
    [ "led1:C", "bb2:bn.27", "black", [ "v0" ] ],
    [ "btn2:1.l", "uno:13", "green", [ "v-9.6", "h38.4", "v-124.8", "h-489.6" ] ],
    [ "bz1:1", "bb2:bn.44", "black", [ "v0" ] ]
  ],
  "dependencies": {}
}